ID,Name,Company,Address,City,Email,Salary
1,Ann Bowers,Brooks Ltd,"0203 Dixon Mountains<Modified!!>
Lake Dean, MP 75840",Bartonport,fdickerson@example.com,79849
2,Shannon Mason,"Thompson, Gonzalez and Hunt","54330 Carter Harbor Apt. 386
Bradshawbury, AK 75948",Port Shirleymouth,robertsutton@example.org,187496
3,Kimberly Lloyd,Ryan-Jones,"40707 Patrick Grove Apt. 300
Jennifermouth, TN 60518",New Ryanfort,figueroawendy@example.net,166762
4,Marilyn Gomez,"Johnson, Benjamin and Green","560 Bowers Row
North Joshua, AS 19904",Port Thomas,carrieatkins@example.net,69609
5,Emily Smith,"Guzman, Miller and Adams","7117 Jessica Motorway Suite 061
6,Rachel Brown,Nichols-Webb,"09861 Jessica Drive\nSheamouth, KS 42050",West Kristenside,ra.brown@example.com,105000
